"YEAR","MONTH","site","temp_mean_month_range","light_mean_month_range","MY"
2015,12,"QUD1",5.99821052631579,36465.4421052632,2015-12-01
2015,12,"QUD2",7.70715789473684,42609.4157894737,2015-12-01
2016,1,"QUD1",5.91116129032258,30827.6419354839,2016-01-01
2016,1,"QUD2",7.10345161290323,26191.1290322581,2016-01-01
2016,2,"QUD1",10.3432413793103,58433.0689655172,2016-02-01
2016,2,"QUD2",10.3716206896552,70162.4620689655,2016-02-01
2016,2,"SJD1",7.5602,25179.06,2016-02-01
2016,2,"SJD2",7.6908,69879.64,2016-02-01
2016,3,"QUD1",14.5454838709677,50901.0387096774,2016-03-01
2016,3,"QUD2",18.0320967741935,118490.712903226,2016-03-01
2016,3,"SJD1",11.7764516129032,52455.5451612903,2016-03-01
2016,3,"SJD2",11.8183225806452,82602.6258064516,2016-03-01
2016,4,"QUD1",12.7361,79284.4566666667,2016-04-01
2016,4,"QUD2",18.2901666666667,130309.573333333,2016-04-01
2016,4,"SJD1",13.7105333333333,71290.4266666667,2016-04-01
2016,4,"SJD2",12.2416333333333,64466.44,2016-04-01
2016,5,"QUD1",9.47429032258064,32016.1903225806,2016-05-01
2016,5,"QUD2",15.7809032258065,94665.8903225806,2016-05-01
2016,5,"SJD1",9.62674193548387,40438.8,2016-05-01
2016,5,"SJD2",10.0491290322581,46827.3838709677,2016-05-01
2016,6,"QUD1",12.0809,37547.2,2016-06-01
2016,6,"QUD2",19.7735333333333,130067.37,2016-06-01
2016,6,"SJD1",11.7813666666667,61460.78,2016-06-01
2016,6,"SJD2",10.3274666666667,43078.0933333333,2016-06-01
2016,7,"QUD1",16.4445483870968,57985.4516129032,2016-07-01
2016,7,"QUD2",17.8814193548387,86759.2516129032,2016-07-01
2016,7,"SJD1",13.8234838709677,55373.6193548387,2016-07-01
2016,7,"SJD2",11.643,46189.5387096774,2016-07-01
2016,8,"QUD1",16.4466774193548,63055.2677419355,2016-08-01
2016,8,"QUD2",17.3448709677419,70811.2225806452,2016-08-01
2016,8,"SJD1",16.5052258064516,77243.2322580645,2016-08-01
2016,8,"SJD2",12.5712903225806,31459.5806451613,2016-08-01
2016,9,"QUD1",13.7034,72299.0033333333,2016-09-01
2016,9,"QUD2",14.9730666666667,48076.5133333333,2016-09-01
2016,9,"SJD1",12.0164333333333,37019.0466666667,2016-09-01
2016,9,"SJD2",11.3099333333333,56058.6933333333,2016-09-01
2016,10,"QUD1",12.1139032258065,47896.8483870968,2016-10-01
2016,10,"QUD2",11.1957741935484,30052.2741935484,2016-10-01
2016,10,"SJD1",8.76316129032258,15289.335483871,2016-10-01
2016,10,"SJD2",9.04470967741936,17892.835483871,2016-10-01
2016,11,"QUD1",9.8295,23787.9866666667,2016-11-01
2016,11,"QUD2",9.3682,25820.2266666667,2016-11-01
2016,11,"SJD1",8.07443333333333,8596.46333333333,2016-11-01
2016,11,"SJD2",8.7867,12652.6733333333,2016-11-01
2016,12,"QUD1",10.5584193548387,66756.3483870968,2016-12-01
2016,12,"QUD2",10.2806451612903,18920.2451612903,2016-12-01
2016,12,"SJD1",9.57006451612903,6737.90967741935,2016-12-01
2016,12,"SJD2",10.925064516129,18527.9,2016-12-01
2017,1,"QUD1",9.98735483870968,27234.2193548387,2017-01-01
2017,1,"QUD2",10.5390967741935,23902.9193548387,2017-01-01
2017,1,"SJD1",9.286,6889.27096774194,2017-01-01
2017,1,"SJD2",10.3890322580645,14871.6419354839,2017-01-01
2017,2,"QUD1",8.0205,22161.4535714286,2017-02-01
2017,2,"QUD2",11.4185714285714,47761.2178571429,2017-02-01
2017,2,"SJD1",7.86989285714286,9867.47142857143,2017-02-01
2017,2,"SJD2",8.89635714285714,15021.1035714286,2017-02-01
2017,3,"QUD1",8.31654838709677,12721.2677419355,2017-03-01
2017,3,"QUD2",13.1981612903226,55564.9483870968,2017-03-01
2017,3,"SJD1",8.54929032258065,11825.0709677419,2017-03-01
2017,3,"SJD2",9.69383870967742,49492.3322580645,2017-03-01
2017,4,"QUD1",14.6201333333333,29769.52,2017-04-01
2017,4,"QUD2",18.9835666666667,69855.2233333333,2017-04-01
2017,4,"SJD1",12.9947,39220.64,2017-04-01
2017,4,"SJD2",13.5657,48483.3933333333,2017-04-01
2017,5,"QUD1",13.3609032258065,36109.9612903226,2017-05-01
2017,5,"QUD2",14.093935483871,57797.9548387097,2017-05-01
2017,5,"SJD1",11.7951290322581,57942.4032258065,2017-05-01
2017,5,"SJD2",11.3292258064516,43811.7419354839,2017-05-01
2017,6,"QUD1",14.1483666666667,58282.5366666667,2017-06-01
2017,6,"QUD2",16.0969333333333,55296.9566666667,2017-06-01
2017,6,"SJD1",14.4680666666667,44632.7466666667,2017-06-01
2017,6,"SJD2",11.2759,40167.1433333333,2017-06-01
2017,7,"QUD1",14.7688064516129,66612.2516129032,2017-07-01
2017,7,"QUD2",16.2872258064516,50207.6225806452,2017-07-01
2017,7,"SJD1",14.6996451612903,85492.9193548387,2017-07-01
2017,7,"SJD2",10.184935483871,45441.635483871,2017-07-01
2017,8,"QUD1",16.56,67816.7709677419,2017-08-01
2017,8,"QUD2",17.1509032258065,44003.764516129,2017-08-01
2017,8,"SJD1",15.5651612903226,77369.2612903226,2017-08-01
2017,8,"SJD2",11.0989032258065,31864.7838709677,2017-08-01
2017,9,"QUD1",15.2255,49315.4533333333,2017-09-01
2017,9,"QUD2",15.8368,59877.0233333333,2017-09-01
2017,9,"SJD1",12.6528666666667,62777.56,2017-09-01
2017,9,"SJD2",9.91926666666667,63475.0766666667,2017-09-01
2017,10,"QUD1",13.9631612903226,27288.3774193548,2017-10-01
2017,10,"QUD2",16.4807096774194,43028.7548387097,2017-10-01
2017,10,"SJD1",14.1831935483871,40811.7322580645,2017-10-01
2017,10,"SJD2",13.8565161290323,48985.4032258064,2017-10-01
2017,11,"QUD1",11.1910666666667,42942.1066666667,2017-11-01
2017,11,"QUD2",14.5523333333333,33785.2033333333,2017-11-01
2017,11,"SJD1",10.6238333333333,21235.8566666667,2017-11-01
2017,11,"SJD2",11.8633,34193.8833333333,2017-11-01
2017,12,"QUD1",10.0726451612903,37379.4225806452,2017-12-01
2017,12,"QUD2",11.778935483871,32884.9387096774,2017-12-01
2017,12,"SJD1",8.92406451612903,10594.8548387097,2017-12-01
2017,12,"SJD2",11.4197419354839,36186.6903225806,2017-12-01
2018,1,"QUD1",9.30364516129032,26760.2451612903,2018-01-01
2018,1,"QUD2",11.0726129032258,30407.4935483871,2018-01-01
2018,1,"SJD1",7.52393548387097,12678.2161290323,2018-01-01
2018,1,"SJD2",9.29641935483871,29678.3161290323,2018-01-01
2018,2,"QUD1",12.379,41432.775,2018-02-01
2018,2,"QUD2",16.5175357142857,57058.2142857143,2018-02-01
2018,2,"SJD1",9.67496428571429,20107.8535714286,2018-02-01
2018,2,"SJD2",10.4189285714286,58123.0821428571,2018-02-01
2018,3,"FAR1",19.3617647058824,138688.552941176,2018-03-01
2018,3,"FAR2",9.001,34166.0705882353,2018-03-01
2018,3,"LSA1",10.81825,33563.3833333333,2018-03-01
2018,3,"LSA2",12.7421666666667,110924.845833333,2018-03-01
2018,3,"QUD1",10.403064516129,45618.3677419355,2018-03-01
2018,3,"QUD2",14.2339032258065,68685.1838709677,2018-03-01
2018,3,"SEI1",12.5690526315789,87981.7631578947,2018-03-01
2018,3,"SEI2",11.6226842105263,71486.2894736842,2018-03-01
2018,3,"SJD1",10.1421612903226,47726.7064516129,2018-03-01
2018,3,"SJD2",10.8598709677419,74757.435483871,2018-03-01
2018,4,"FAR1",16.8332,109435.38,2018-04-01
2018,4,"FAR2",9.98463333333333,48818.8566666667,2018-04-01
2018,4,"LSA1",13.6247333333333,36484.4366666667,2018-04-01
2018,4,"LSA2",17.0818,128458.883333333,2018-04-01
2018,4,"QUD1",13.832,54729.9,2018-04-01
2018,4,"QUD2",18.2805666666667,69578.59,2018-04-01
2018,4,"SEI1",13.3917666666667,67567.54,2018-04-01
2018,4,"SEI2",13.1526333333333,74563.3833333333,2018-04-01
2018,4,"SJD1",13.2723,70678.67,2018-04-01
2018,4,"SJD2",12.1322,64095.7866666667,2018-04-01
2018,5,"FAR1",17.8429032258065,113491.016129032,2018-05-01
2018,5,"FAR2",11.5411935483871,49568.035483871,2018-05-01
2018,5,"LSA1",15.2462580645161,49463.5193548387,2018-05-01
2018,5,"LSA2",17.3903225806452,171018.132258065,2018-05-01
2018,5,"QUD2",18.3266451612903,92204.7580645161,2018-05-01
2018,5,"SEI1",13.4007419354839,59954.9032258065,2018-05-01
2018,5,"SEI2",12.9031935483871,78109.1677419355,2018-05-01
2018,5,"SJD1",11.0373548387097,40640.5516129032,2018-05-01
2018,5,"SJD2",11.5576451612903,50406.2290322581,2018-05-01
2018,6,"FAR1",15.3458,82817.9066666667,2018-06-01
2018,6,"FAR2",10.8525666666667,69639.2266666667,2018-06-01
2018,6,"LSA1",12.8432,39490.1133333333,2018-06-01
2018,6,"LSA2",15.9647666666667,163916.793333333,2018-06-01
2018,6,"QUD2",12.5889666666667,30888.2633333333,2018-06-01
2018,6,"SEI1",10.8137,50593.48,2018-06-01
2018,6,"SEI2",10.0745,60917.2,2018-06-01
2018,6,"SJD1",8.42883333333333,38063.1466666667,2018-06-01
2018,6,"SJD2",9.06963333333333,29151.3133333333,2018-06-01
2018,7,"FAR1",15.5538709677419,82968.2451612903,2018-07-01
2018,7,"FAR2",12.0471612903226,74812.9774193548,2018-07-01
2018,7,"LSA1",14.0592903225806,44640.9258064516,2018-07-01
2018,7,"LSA2",15.1154193548387,138503.341935484,2018-07-01
2018,7,"QUD2",13.4033548387097,38797.8225806452,2018-07-01
2018,7,"SEI1",10.212,46145.1064516129,2018-07-01
2018,7,"SEI2",9.68535483870968,51539.2258064516,2018-07-01
2018,7,"SJD1",10.5805483870968,47010.7225806452,2018-07-01
2018,7,"SJD2",9.64103225806452,29444.6290322581,2018-07-01
2018,8,"FAR1",19.3647419354839,75815.0838709677,2018-08-01
2018,8,"FAR2",12.4026774193548,45553.0774193548,2018-08-01
2018,8,"LSA1",15.0253870967742,29638.7258064516,2018-08-01
2018,8,"LSA2",20.1978387096774,136107.14516129,2018-08-01
2018,8,"QUD2",16.7766774193548,39782.5451612903,2018-08-01
2018,8,"SEI1",15.3152258064516,63110.8322580645,2018-08-01
2018,8,"SEI2",13.658935483871,58252.4709677419,2018-08-01
2018,8,"SJD1",14.7648709677419,52193.7322580645,2018-08-01
2018,8,"SJD2",12.0934193548387,30494.2903225806,2018-08-01
2018,9,"FAR1",23.0139333333333,147539.436666667,2018-09-01
2018,9,"FAR2",9.89706666666667,35914.2966666667,2018-09-01
2018,9,"LSA1",12.384,17999.4833333333,2018-09-01
2018,9,"LSA2",17.4201,115994.943333333,2018-09-01
2018,9,"QUD2",14.4784666666667,38414.78,2018-09-01
2018,9,"SEI1",14.6679,78415.0766666667,2018-09-01
2018,9,"SEI2",10.9712333333333,27550.7033333333,2018-09-01
2018,9,"SJD1",10.2518666666667,21377.9433333333,2018-09-01
2018,9,"SJD2",11.3361333333333,70635.9766666667,2018-09-01
2018,10,"FAR1",19.9033225806452,126820.977419355,2018-10-01
2018,10,"FAR2",8.78054838709677,25634.5387096774,2018-10-01
2018,10,"LSA1",11.3278064516129,12349.3935483871,2018-10-01
2018,10,"LSA2",14.7806129032258,83893.9548387097,2018-10-01
2018,10,"QUD2",11.6948709677419,14182.7225806452,2018-10-01
2018,10,"SEI1",16.3152580645161,75840.4387096774,2018-10-01
2018,10,"SEI2",11.1529677419355,28984.9161290323,2018-10-01
2018,10,"SJD1",9.63996774193548,16407.064516129,2018-10-01
2018,10,"SJD2",11.7924516129032,69007.0580645161,2018-10-01
2018,11,"FAR1",16.3426333333333,87348.4666666667,2018-11-01
2018,11,"FAR2",7.47466666666667,15532.7533333333,2018-11-01
2018,11,"LSA1",7.2082,9287.86333333333,2018-11-01
2018,11,"LSA2",8.1777,20348.9,2018-11-01
2018,11,"QUD2",7.65206666666667,11352.3833333333,2018-11-01
2018,11,"SEI1",9.6165,40009.2866666667,2018-11-01
2018,11,"SEI2",6.25483333333333,9294.31333333333,2018-11-01
2018,11,"SJD1",5.80016666666667,6331.34666666667,2018-11-01
2018,11,"SJD2",7.92266666666667,34209.2966666667,2018-11-01
2018,12,"FAR1",12.9328387096774,33268.2774193548,2018-12-01
2018,12,"FAR2",9.15983870967742,15624.7612903226,2018-12-01
2018,12,"LSA1",9.5818064516129,7922.95806451613,2018-12-01
2018,12,"LSA2",10.7136129032258,14693.8451612903,2018-12-01
2018,12,"QUD2",7.95235483870968,10076.8193548387,2018-12-01
2018,12,"SEI1",10.6917741935484,32296.7483870968,2018-12-01
2018,12,"SEI2",8.23187096774194,6986.5,2018-12-01
2018,12,"SJD1",6.63345161290323,4564.5935483871,2018-12-01
2018,12,"SJD2",8.57093548387097,29977.6387096774,2018-12-01
2019,1,"FAR1",16.9182903225806,76242.8612903226,2019-01-01
2019,1,"FAR2",10.3775483870968,14385.1612903226,2019-01-01
2019,1,"LSA1",11.9655483870968,9541.05161290323,2019-01-01
2019,1,"LSA2",11.9996129032258,20285.8870967742,2019-01-01
2019,1,"QUD2",9.88496774193548,13186.5548387097,2019-01-01
2019,1,"SEI1",13.6935483870968,42054.7935483871,2019-01-01
2019,1,"SEI2",9.56529032258065,8513.95483870968,2019-01-01
2019,1,"SJD1",8.61816129032258,4710.79677419355,2019-01-01
2019,1,"SJD2",11.4679032258065,60775.0612903226,2019-01-01
2019,2,"FAR1",22.0236428571429,176011.510714286,2019-02-01
2019,2,"FAR2",9.23942857142857,12608.0785714286,2019-02-01
2019,2,"LSA1",12.6066071428571,11954.5321428571,2019-02-01
2019,2,"LSA2",14.275,17973.875,2019-02-01
2019,2,"QUD2",12.4153214285714,17380.7178571429,2019-02-01
2019,2,"SEI1",18.2631785714286,63856.05,2019-02-01
2019,2,"SEI2",12.7220357142857,14499.8321428571,2019-02-01
2019,2,"SJD1",11.3166785714286,6965.02857142857,2019-02-01
2019,2,"SJD2",14.5162142857143,46115.5,2019-02-01
2019,3,"FAR1",20.7282903225806,146227.35483871,2019-03-01
2019,3,"FAR2",12.4183225806452,13732.7290322581,2019-03-01
2019,3,"LSA1",15.2387096774194,17613.3064516129,2019-03-01
2019,3,"LSA2",18.4517741935484,56553.164516129,2019-03-01
2019,3,"QUD2",15.9733225806452,55062.1580645161,2019-03-01
2019,3,"SEI1",17.8327741935484,77699.1193548387,2019-03-01
2019,3,"SEI2",14.1011935483871,44669.7451612903,2019-03-01
2019,3,"SJD1",11.4671612903226,19552.5612903226,2019-03-01
2019,3,"SJD2",16.1001935483871,72298.0483870968,2019-03-01
2019,4,"FAR1",15.6780333333333,58212.9266666667,2019-04-01
2019,4,"FAR2",13.3276666666667,10010.8133333333,2019-04-01
2019,4,"LSA1",12.5105,24466.8433333333,2019-04-01
2019,4,"LSA2",14.0302,87622.9333333333,2019-04-01
2019,4,"QUD2",11.6893666666667,35257.3633333333,2019-04-01
2019,4,"SEI1",13.8157,74332.6833333333,2019-04-01
2019,4,"SEI2",10.3703666666667,50893.0933333333,2019-04-01
2019,4,"SJD1",8.93173333333333,22033.83,2019-04-01
2019,4,"SJD2",9.83796666666667,42534.87,2019-04-01
2019,5,"FAR1",16.065935483871,79865.7967741935,2019-05-01
2019,5,"FAR2",15.599064516129,8057.34516129032,2019-05-01
2019,5,"LSA1",17.326064516129,40609.3064516129,2019-05-01
2019,5,"LSA2",18.6458064516129,147396.103225806,2019-05-01
2019,5,"QUD2",15.2236774193548,28649.4741935484,2019-05-01
2019,5,"SEI1",16.7446129032258,73944.5774193548,2019-05-01
2019,5,"SEI2",15.5902258064516,112801.083870968,2019-05-01
2019,5,"SJD1",11.1160322580645,26296.3548387097,2019-05-01
2019,5,"SJD2",12.511064516129,36286.3387096774,2019-05-01
2019,6,"FAR1",17.9054666666667,110750.036666667,2019-06-01
2019,6,"FAR2",18.4233,3349.03666666667,2019-06-01
2019,6,"LSA1",15.9972666666667,45043.23,2019-06-01
2019,6,"LSA2",18.4927,158581.466666667,2019-06-01
2019,6,"QUD2",14.4987,27555.3733333333,2019-06-01
2019,6,"SEI1",14.2477666666667,51517.3866666667,2019-06-01
2019,6,"SEI2",12.8633,99824.9466666667,2019-06-01
2019,6,"SJD1",10.5939,29164.95,2019-06-01
2019,6,"SJD2",12.4957,31802.4766666667,2019-06-01
2019,7,"FAR1",16.4780322580645,64689.3225806452,2019-07-01
2019,7,"FAR2",18.5612580645161,4029.89032258065,2019-07-01
2019,7,"LSA1",15.8621935483871,43817.6516129032,2019-07-01
2019,7,"LSA2",17.05,148467.296774194,2019-07-01
2019,7,"QUD2",12.3618387096774,23081.0483870968,2019-07-01
2019,7,"SEI1",12.9162580645161,54509.7161290323,2019-07-01
2019,7,"SEI2",11.409064516129,58664.2709677419,2019-07-01
2019,7,"SJD1",10.5074838709677,45881.5483870968,2019-07-01
2019,7,"SJD2",10.9723225806452,35020.7225806452,2019-07-01
2019,8,"FAR1",19.3176774193548,98174.2548387097,2019-08-01
2019,8,"FAR2",20.2110967741935,3546.54838709677,2019-08-01
2019,8,"LSA1",19.4585483870968,28976.5838709677,2019-08-01
2019,8,"LSA2",20.6470967741935,143764.835483871,2019-08-01
2019,8,"QUD2",15.1972258064516,52015.2838709677,2019-08-01
2019,8,"SEI1",15.6463225806452,83029.0322580645,2019-08-01
2019,8,"SEI2",13.1898387096774,84094.6580645161,2019-08-01
2019,8,"SJD1",10.1238387096774,20120.9741935484,2019-08-01
2019,8,"SJD2",11.2545806451613,35300.5774193548,2019-08-01
2019,9,"FAR1",18.9869666666667,73263.45,2019-09-01
2019,9,"FAR2",16.4925333333333,1633.24333333333,2019-09-01
2019,9,"LSA1",19.1755666666667,20375.45,2019-09-01
2019,9,"LSA2",22.3289666666667,122277.86,2019-09-01
2019,9,"QUD2",15.5732666666667,41646.1166666667,2019-09-01
2019,9,"SEI1",17.0279,63656.9866666667,2019-09-01
2019,9,"SEI2",14.2851666666667,62089.7533333333,2019-09-01
2019,9,"SJD1",10.4126666666667,19444.36,2019-09-01
2019,9,"SJD2",13.5293,70406.6933333333,2019-09-01
2019,10,"FAR1",14.4193548387097,43335.0193548387,2019-10-01
2019,10,"FAR2",10.4094838709677,832.970967741936,2019-10-01
2019,10,"LSA1",15.5087096774194,16093.8451612903,2019-10-01
2019,10,"LSA2",15.4545161290323,78760.2322580645,2019-10-01
2019,10,"QUD2",12.7617096774194,33421.7387096774,2019-10-01
2019,10,"SEI1",13.1105806451613,62429.2225806452,2019-10-01
2019,10,"SEI2",8.44158064516129,12886.2,2019-10-01
2019,10,"SJD1",8.7114375,9723.90625,2019-10-01
2019,10,"SJD2",11.8927419354839,53034.035483871,2019-10-01
2019,11,"FAR1",9.04976666666667,20440.0366666667,2019-11-01
2019,11,"FAR2",6.9022,302.823333333333,2019-11-01
2019,11,"LSA1",8.8541,12770.02,2019-11-01
2019,11,"LSA2",8.59636666666667,45208.63,2019-11-01
2019,11,"QUD2",6.15896666666667,15562.5366666667,2019-11-01
2019,11,"SEI1",7.1572,16558.2033333333,2019-11-01
2019,11,"SEI2",4.8042,7883.87,2019-11-01
2019,11,"SJD1",6.69113333333333,12432,2019-11-01
2019,11,"SJD2",6.2543,24657.71,2019-11-01
2019,12,"FAR1",9.71571428571428,17176.2,2019-12-01
2019,12,"FAR2",7.32187096774194,2559.38064516129,2019-12-01
2019,12,"LSA1",10.5336774193548,11409.1064516129,2019-12-01
2019,12,"LSA2",12.3826129032258,39910.3483870968,2019-12-01
2019,12,"QUD2",8.99070967741936,15817.8,2019-12-01
2019,12,"SEI1",10.3394838709677,41159.6483870968,2019-12-01
2019,12,"SEI2",7.34483870967742,6094.82580645161,2019-12-01
2019,12,"SJD1",7.022,4881.5935483871,2019-12-01
2019,12,"SJD2",8.95722580645161,31939.4548387097,2019-12-01
2020,1,"FAR1",10.4074838709677,18905.6774193548,2020-01-01
2020,1,"FAR2",14.7395483870968,80608.864516129,2020-01-01
2020,1,"LSA1",12.9493225806452,13521.6258064516,2020-01-01
2020,1,"LSA2",13.4672580645161,65203.2064516129,2020-01-01
2020,1,"QUD2",10.0881612903226,16977.5387096774,2020-01-01
2020,1,"SEI1",10.9938709677419,37923.1612903226,2020-01-01
2020,1,"SEI2",8.0858064516129,7840.31612903226,2020-01-01
2020,1,"SJD1",7.11525806451613,6098.29032258064,2020-01-01
2020,1,"SJD2",8.60429032258065,23901.1870967742,2020-01-01
2020,2,"FAR1",13.7929655172414,35418.2448275862,2020-02-01
2020,2,"FAR2",14.6420689655172,51814.3586206897,2020-02-01
2020,2,"LSA1",16.5551034482759,15744.6896551724,2020-02-01
2020,2,"LSA2",15.0069310344828,71933.3068965517,2020-02-01
2020,2,"QUD2",13.2934827586207,33892.375862069,2020-02-01
2020,2,"SEI1",13.0500689655172,59697.6586206897,2020-02-01
2020,2,"SEI2",9.29634482758621,15504.5655172414,2020-02-01
2020,2,"SJD1",8.15251724137931,10683.4137931034,2020-02-01
2020,2,"SJD2",10.0081724137931,40598.6724137931,2020-02-01
2020,3,"FAR1",13.9769032258065,52141.6580645161,2020-03-01
2020,3,"FAR2",11.211,36973.5032258065,2020-03-01
2020,3,"LSA1",15.9124516129032,21585.5612903226,2020-03-01
2020,3,"LSA2",14.7200967741935,86973.1419354839,2020-03-01
2020,3,"QUD2",14.6175483870968,42640.5483870968,2020-03-01
2020,3,"SEI1",12.0275806451613,51493.0483870968,2020-03-01
2020,3,"SEI2",8.59848387096774,1934.03870967742,2020-03-01
2020,3,"SJD1",8.37629032258065,16974.7709677419,2020-03-01
2020,3,"SJD2",9.85174193548387,33889.8096774194,2020-03-01
2020,4,"FAR1",11.7205333333333,41643.6166666667,2020-04-01
2020,4,"FAR2",11.7668333333333,63700.4066666667,2020-04-01
2020,4,"LSA1",15.3714,31553.4533333333,2020-04-01
2020,4,"LSA2",14.2299,95794.2133333333,2020-04-01
2020,4,"QUD2",11.2670666666667,31517.2333333333,2020-04-01
2020,4,"SEI1",10.8431,50702.9166666667,2020-04-01
2020,4,"SEI2",11.0724333333333,1672.35333333333,2020-04-01
2020,4,"SJD1",8.55813333333333,19852.3266666667,2020-04-01
2020,4,"SJD2",9.35276666666667,24439.2133333333,2020-04-01
2020,5,"FAR1",12.4724516129032,50494.7741935484,2020-05-01
2020,5,"FAR2",13.3389677419355,81485.9387096774,2020-05-01
2020,5,"LSA1",17.3743870967742,41417.6419354839,2020-05-01
2020,5,"LSA2",20.2575806451613,134981.45483871,2020-05-01
2020,5,"QUD2",13.615,28785.9483870968,2020-05-01
2020,5,"SEI1",15.9456774193548,88222.1032258065,2020-05-01
2020,5,"SEI2",18.8574838709677,2939.60322580645,2020-05-01
2020,5,"SJD1",9.39590322580645,20241.7903225806,2020-05-01
2020,5,"SJD2",11.626,41762.0677419355,2020-05-01
2020,6,"FAR1",12.713,53261.4933333333,2020-06-01
2020,6,"FAR2",12.7386666666667,65945.7433333333,2020-06-01
2020,6,"LSA1",16.9972666666667,41823.0166666667,2020-06-01
2020,6,"LSA2",16.3267333333333,85903.9366666667,2020-06-01
2020,6,"QUD2",13.3198333333333,34559.12,2020-06-01
2020,6,"SEI1",16.2088666666667,91052.6966666667,2020-06-01
2020,6,"SEI2",12.0838666666667,27521.6666666667,2020-06-01
2020,6,"SJD1",9.59953333333333,15080.67,2020-06-01
2020,6,"SJD2",11.8913,40358.74,2020-06-01
2020,7,"FAR1",13.5096774193548,48841.9806451613,2020-07-01
2020,7,"FAR2",14.2692580645161,67329.9451612903,2020-07-01
2020,7,"LSA1",17.1926774193548,33281.4483870968,2020-07-01
2020,7,"LSA2",16.6174193548387,58348.2935483871,2020-07-01
2020,7,"QUD2",14.6828064516129,27914.7741935484,2020-07-01
2020,7,"SEI1",18.6294193548387,111852.125806452,2020-07-01
2020,7,"SEI2",13.3188387096774,54895.8516129032,2020-07-01
2020,7,"SJD1",12.6447741935484,35559.6096774194,2020-07-01
2020,7,"SJD2",13.0444516129032,55286.1258064516,2020-07-01
2020,8,"FAR1",15.1260967741935,50201.7193548387,2020-08-01
2020,8,"FAR2",14.3926774193548,60787.9,2020-08-01
2020,8,"LSA1",19.2968709677419,33594.6612903226,2020-08-01
2020,8,"LSA2",19.6828709677419,130178.280645161,2020-08-01
2020,8,"QUD2",13.2034516129032,36858.564516129,2020-08-01
2020,8,"SEI1",14.8223548387097,81782.4903225806,2020-08-01
2020,8,"SEI2",11.4149032258065,63444.5161290323,2020-08-01
2020,8,"SJD1",10.7413225806452,24854.6677419355,2020-08-01
2020,8,"SJD2",10.3513225806452,28764.0870967742,2020-08-01
2020,9,"FAR1",14.2176333333333,45862.71,2020-09-01
2020,9,"FAR2",12.8942,60817.45,2020-09-01
2020,9,"LSA1",15.7390333333333,18306.64,2020-09-01
2020,9,"LSA2",14.7158333333333,96109.9633333333,2020-09-01
2020,9,"QUD2",14.2112666666667,31140.5,2020-09-01
2020,9,"SEI1",15.8964,66036.5266666667,2020-09-01
2020,9,"SEI2",12.833,33134.7,2020-09-01
2020,9,"SJD1",10.5522666666667,13202.3633333333,2020-09-01
2020,9,"SJD2",11.5958,45908.272,2020-09-01
2020,10,"FAR1",14.0422903225806,36179.0580645161,2020-10-01
2020,10,"FAR2",12.864,44219.3967741935,2020-10-01
2020,10,"LSA1",13.6580967741935,12942.8064516129,2020-10-01
2020,10,"LSA2",12.2915483870968,40957.2,2020-10-01
2020,10,"QUD2",10.623064516129,12383.7612903226,2020-10-01
2020,10,"SEI1",12.7149032258065,39561.7193548387,2020-10-01
2020,10,"SEI2",8.38603225806452,9634.43225806452,2020-10-01
2020,10,"SJD1",7.70051612903226,8935.45806451613,2020-10-01
2020,10,"SJD2",10.0463548387097,33966.535483871,2020-10-01
2020,11,"FAR1",7.44576666666667,13027.61,2020-11-01
2020,11,"FAR2",8.6005,52369.18,2020-11-01
2020,11,"LSA1",8.67406666666667,9860.15,2020-11-01
2020,11,"LSA2",8.14256666666667,9973.52333333333,2020-11-01
2020,11,"QUD2",8.03343333333333,7835.78666666667,2020-11-01
2020,11,"SEI1",11.7832,26794.02,2020-11-01
2020,11,"SEI2",8.14013333333333,6294.76333333333,2020-11-01
2020,11,"SJD1",6.3242,4442.28333333333,2020-11-01
2020,11,"SJD2",8.23886666666667,21590.3533333333,2020-11-01
2020,12,"FAR1",7.21506451612903,9749.71290322581,2020-12-01
2020,12,"FAR2",9.51587096774194,40787.764516129,2020-12-01
2020,12,"LSA1",7.9091935483871,8181.98709677419,2020-12-01
2020,12,"LSA2",7.46893548387097,8875.73225806452,2020-12-01
2020,12,"QUD2",6.18016129032258,6760.80322580645,2020-12-01
2020,12,"SEI1",7.31809677419355,13165.7225806452,2020-12-01
2020,12,"SEI2",5.90629032258065,5565.66774193548,2020-12-01
2020,12,"SJD1",4.99377419354839,4005.56129032258,2020-12-01
2020,12,"SJD2",6.40690322580645,13196.2806451613,2020-12-01
2021,1,"FAR1",8.43990322580645,11175.4193548387,2021-01-01
2021,1,"FAR2",10.0826451612903,40457.2032258065,2021-01-01
2021,1,"LSA1",8.95822580645161,9682.70967741935,2021-01-01
2021,1,"LSA2",7.87848387096774,10872.9903225806,2021-01-01
2021,1,"QUD2",7.86329032258064,7853.17741935484,2021-01-01
2021,1,"SEI1",10.086,15020.2258064516,2021-01-01
2021,1,"SEI2",7.55770967741935,7027.12258064516,2021-01-01
2021,1,"SJD1",7.18696774193548,3831.63870967742,2021-01-01
2021,1,"SJD2",8.88654838709677,13558.4322580645,2021-01-01
2021,2,"FAR1",7.36110714285714,19832.9892857143,2021-02-01
2021,2,"FAR2",6.88214285714286,21419.5035714286,2021-02-01
2021,2,"LSA1",8.79610714285714,10978.075,2021-02-01
2021,2,"LSA2",7.35732142857143,11036.9,2021-02-01
2021,2,"QUD1",6.21571428571429,11153.7642857143,2021-02-01
2021,2,"QUD2",6.46385714285714,13899.7321428571,2021-02-01
2021,2,"SEI1",9.39260714285714,29988.7714285714,2021-02-01
2021,2,"SEI2",6.34321428571429,10461.0285714286,2021-02-01
2021,2,"SJD1",4.20866666666667,4107.33333333333,2021-02-01
2021,2,"SJD2",7.34735714285714,24268.125,2021-02-01
2021,3,"FAR1",12.4169677419355,31280.7483870968,2021-03-01
2021,3,"FAR2",12.1862580645161,40229.0774193548,2021-03-01
2021,3,"LSA1",17.1596538461538,22737.2115384615,2021-03-01
2021,3,"LSA2",17.6022692307692,32589.1192307692,2021-03-01
2021,3,"QUD1",15.0198064516129,37355.7935483871,2021-03-01
2021,3,"QUD2",13.7843548387097,24754.3161290323,2021-03-01
2021,3,"SEI1",16.6700322580645,46210.0161290323,2021-03-01
2021,3,"SEI2",12.6491935483871,18702.9,2021-03-01
2021,3,"SJD2",14.8362580645161,44663.835483871,2021-03-01
2021,4,"FAR1",10.2641666666667,27170.3866666667,2021-04-01
2021,4,"FAR2",12.8179333333333,62389.3466666667,2021-04-01
2021,4,"QUD1",12.2205666666667,45262.09,2021-04-01
2021,4,"QUD2",11.2152666666667,24989.2633333333,2021-04-01
2021,4,"SEI1",15.1021,69840.1666666667,2021-04-01
2021,4,"SEI2",11.9070333333333,57160.2066666667,2021-04-01
2021,4,"SJD2",11.2144666666667,43571.4266666667,2021-04-01
2021,5,"FAR1",13.0111935483871,23468.5580645161,2021-05-01
2021,5,"FAR2",17.8442903225806,106051.74516129,2021-05-01
2021,5,"QUD1",13.1025161290323,14387.2451612903,2021-05-01
2021,5,"QUD2",14.118064516129,61835.4870967742,2021-05-01
2021,5,"SEI1",16.4258947368421,74726.2421052632,2021-05-01
2021,5,"SEI2",12.9387368421053,86694.0684210526,2021-05-01
2021,5,"SJD1",18.9027,70973.26,2021-05-01
2021,5,"SJD2",11.0715806451613,50440.9483870968,2021-05-01
2021,6,"FAR1",11.0223888888889,25469.3277777778,2021-06-01
2021,6,"FAR2",15.3371111111111,75368.0444444444,2021-06-01
2021,6,"QUD1",12.528,14946.4833333333,2021-06-01
2021,6,"QUD2",15.8069333333333,40361.6133333333,2021-06-01
2021,6,"SJD1",14.8727333333333,72042.4533333333,2021-06-01
2021,6,"SJD2",10.3479333333333,42904.43,2021-06-01
2021,7,"QUD1",13.5741612903226,17696.2967741935,2021-07-01
2021,7,"QUD2",13.85,22744.5870967742,2021-07-01
2021,7,"SJD1",14.4661935483871,56701.4032258064,2021-07-01
2021,7,"SJD2",10.2952580645161,44464.8709677419,2021-07-01
2021,8,"QUD1",15.6554838709677,33884.6129032258,2021-08-01
2021,8,"QUD2",13.4331290322581,19982.7709677419,2021-08-01
2021,8,"SJD1",12.3482903225806,24092.5225806452,2021-08-01
2021,8,"SJD2",11.0386451612903,32424.5258064516,2021-08-01
2021,9,"QUD1",14.4741,32414.95,2021-09-01
2021,9,"QUD2",12.2697,24494.1133333333,2021-09-01
2021,9,"SJD1",10.7190333333333,17004.1766666667,2021-09-01
2021,9,"SJD2",10.5597333333333,28921.6833333333,2021-09-01
2021,10,"QUD1",10.3747142857143,11010,2021-10-01
2021,10,"QUD2",12.2922857142857,38262.7857142857,2021-10-01
2021,10,"SJD1",11.4715161290323,23893.564516129,2021-10-01
2021,10,"SJD2",11.5547419354839,42771.7967741935,2021-10-01
2021,11,"SJD1",10.9648,4736.85333333333,2021-11-01
2021,11,"SJD2",12.1257333333333,13760.6533333333,2021-11-01
